sku_id,name,category,unit_cost,lead_time_days,lead_time_std_days,service_level,current_stock,route,month,quantity
SKU-001,방수 아웃도어 재킷,아우터,26.1,49.05,10.07,0.94,57,상하이-부산,2024-01-01,784
SKU-001,방수 아웃도어 재킷,아우터,26.1,49.05,10.07,0.94,57,상하이-부산,2024-02-01,808
SKU-001,방수 아웃도어 재킷,아우터,26.1,49.05,10.07,0.94,57,상하이-부산,2024-03-01,771
SKU-001,방수 아웃도어 재킷,아우터,26.1,49.05,10.07,0.94,57,상하이-부산,2024-04-01,719
SKU-001,방수 아웃도어 재킷,아우터,26.1,49.05,10.07,0.94,57,상하이-부산,2024-05-01,745
SKU-001,방수 아웃도어 재킷,아우터,26.1,49.05,10.07,0.94,57,상하이-부산,2024-06-01,711
SKU-001,방수 아웃도어 재킷,아우터,26.1,49.05,10.07,0.94,57,상하이-부산,2024-07-01,703
SKU-001,방수 아웃도어 재킷,아우터,26.1,49.05,10.07,0.94,57,상하이-부산,2024-08-01,779
SKU-001,방수 아웃도어 재킷,아우터,26.1,49.05,10.07,0.94,57,상하이-부산,2024-09-01,731
SKU-001,방수 아웃도어 재킷,아우터,26.1,49.05,10.07,0.94,57,상하이-부산,2024-10-01,1170
SKU-001,방수 아웃도어 재킷,아우터,26.1,49.05,10.07,0.94,57,상하이-부산,2024-11-01,1573
SKU-001,방수 아웃도어 재킷,아우터,26.1,49.05,10.07,0.94,57,상하이-부산,2024-12-01,1825
SKU-001,방수 아웃도어 재킷,아우터,26.1,49.05,10.07,0.94,57,상하이-부산,2025-01-01,706
SKU-001,방수 아웃도어 재킷,아우터,26.1,49.05,10.07,0.94,57,상하이-부산,2025-02-01,686
SKU-001,방수 아웃도어 재킷,아우터,26.1,49.05,10.07,0.94,57,상하이-부산,2025-03-01,723
SKU-001,방수 아웃도어 재킷,아우터,26.1,49.05,10.07,0.94,57,상하이-부산,2025-04-01,793
SKU-001,방수 아웃도어 재킷,아우터,26.1,49.05,10.07,0.94,57,상하이-부산,2025-05-01,810
SKU-001,방수 아웃도어 재킷,아우터,26.1,49.05,10.07,0.94,57,상하이-부산,2025-06-01,766
SKU-001,방수 아웃도어 재킷,아우터,26.1,49.05,10.07,0.94,57,상하이-부산,2025-07-01,735
SKU-001,방수 아웃도어 재킷,아우터,26.1,49.05,10.07,0.94,57,상하이-부산,2025-08-01,729
SKU-001,방수 아웃도어 재킷,아우터,26.1,49.05,10.07,0.94,57,상하이-부산,2025-09-01,778
SKU-001,방수 아웃도어 재킷,아우터,26.1,49.05,10.07,0.94,57,상하이-부산,2025-10-01,1184
SKU-001,방수 아웃도어 재킷,아우터,26.1,49.05,10.07,0.94,57,상하이-부산,2025-11-01,1510
SKU-001,방수 아웃도어 재킷,아우터,26.1,49.05,10.07,0.94,57,상하이-부산,2025-12-01,1714
SKU-002,코튼 오버핏 셔츠,상의,30.6,47.11,11.29,0.94,67,선전-부산,2024-01-01,714
SKU-002,코튼 오버핏 셔츠,상의,30.6,47.11,11.29,0.94,67,선전-부산,2024-02-01,1023
SKU-002,코튼 오버핏 셔츠,상의,30.6,47.11,11.29,0.94,67,선전-부산,2024-03-01,984
SKU-002,코튼 오버핏 셔츠,상의,30.6,47.11,11.29,0.94,67,선전-부산,2024-04-01,938
SKU-002,코튼 오버핏 셔츠,상의,30.6,47.11,11.29,0.94,67,선전-부산,2024-05-01,839
SKU-002,코튼 오버핏 셔츠,상의,30.6,47.11,11.29,0.94,67,선전-부산,2024-06-01,623
SKU-002,코튼 오버핏 셔츠,상의,30.6,47.11,11.29,0.94,67,선전-부산,2024-07-01,589
SKU-002,코튼 오버핏 셔츠,상의,30.6,47.11,11.29,0.94,67,선전-부산,2024-08-01,418
SKU-002,코튼 오버핏 셔츠,상의,30.6,47.11,11.29,0.94,67,선전-부산,2024-09-01,279
SKU-002,코튼 오버핏 셔츠,상의,30.6,47.11,11.29,0.94,67,선전-부산,2024-10-01,648
SKU-002,코튼 오버핏 셔츠,상의,30.6,47.11,11.29,0.94,67,선전-부산,2024-11-01,1116
SKU-002,코튼 오버핏 셔츠,상의,30.6,47.11,11.29,0.94,67,선전-부산,2024-12-01,1556
SKU-002,코튼 오버핏 셔츠,상의,30.6,47.11,11.29,0.94,67,선전-부산,2025-01-01,704
SKU-002,코튼 오버핏 셔츠,상의,30.6,47.11,11.29,0.94,67,선전-부산,2025-02-01,965
SKU-002,코튼 오버핏 셔츠,상의,30.6,47.11,11.29,0.94,67,선전-부산,2025-03-01,878
SKU-002,코튼 오버핏 셔츠,상의,30.6,47.11,11.29,0.94,67,선전-부산,2025-04-01,1012
SKU-002,코튼 오버핏 셔츠,상의,30.6,47.11,11.29,0.94,67,선전-부산,2025-05-01,869
SKU-002,코튼 오버핏 셔츠,상의,30.6,47.11,11.29,0.94,67,선전-부산,2025-06-01,606
SKU-002,코튼 오버핏 셔츠,상의,30.6,47.11,11.29,0.94,67,선전-부산,2025-07-01,524
SKU-002,코튼 오버핏 셔츠,상의,30.6,47.11,11.29,0.94,67,선전-부산,2025-08-01,327
SKU-002,코튼 오버핏 셔츠,상의,30.6,47.11,11.29,0.94,67,선전-부산,2025-09-01,331
SKU-002,코튼 오버핏 셔츠,상의,30.6,47.11,11.29,0.94,67,선전-부산,2025-10-01,487
SKU-002,코튼 오버핏 셔츠,상의,30.6,47.11,11.29,0.94,67,선전-부산,2025-11-01,922
SKU-002,코튼 오버핏 셔츠,상의,30.6,47.11,11.29,0.94,67,선전-부산,2025-12-01,1682
SKU-003,울 블렌드 코트,하의,109.8,48.39,10.6,0.94,18,호치민-부산,2024-01-01,0
SKU-003,울 블렌드 코트,하의,109.8,48.39,10.6,0.94,18,호치민-부산,2024-02-01,0
SKU-003,울 블렌드 코트,하의,109.8,48.39,10.6,0.94,18,호치민-부산,2024-03-01,229
SKU-003,울 블렌드 코트,하의,109.8,48.39,10.6,0.94,18,호치민-부산,2024-04-01,86
SKU-003,울 블렌드 코트,하의,109.8,48.39,10.6,0.94,18,호치민-부산,2024-05-01,54
SKU-003,울 블렌드 코트,하의,109.8,48.39,10.6,0.94,18,호치민-부산,2024-06-01,604
SKU-003,울 블렌드 코트,하의,109.8,48.39,10.6,0.94,18,호치민-부산,2024-07-01,53
SKU-003,울 블렌드 코트,하의,109.8,48.39,10.6,0.94,18,호치민-부산,2024-08-01,0
SKU-003,울 블렌드 코트,하의,109.8,48.39,10.6,0.94,18,호치민-부산,2024-09-01,354
SKU-003,울 블렌드 코트,하의,109.8,48.39,10.6,0.94,18,호치민-부산,2024-10-01,0
SKU-003,울 블렌드 코트,하의,109.8,48.39,10.6,0.94,18,호치민-부산,2024-11-01,0
SKU-003,울 블렌드 코트,하의,109.8,48.39,10.6,0.94,18,호치민-부산,2024-12-01,330
SKU-003,울 블렌드 코트,하의,109.8,48.39,10.6,0.94,18,호치민-부산,2025-01-01,82
SKU-003,울 블렌드 코트,하의,109.8,48.39,10.6,0.94,18,호치민-부산,2025-02-01,0
SKU-003,울 블렌드 코트,하의,109.8,48.39,10.6,0.94,18,호치민-부산,2025-03-01,723
SKU-003,울 블렌드 코트,하의,109.8,48.39,10.6,0.94,18,호치민-부산,2025-04-01,121
SKU-003,울 블렌드 코트,하의,109.8,48.39,10.6,0.94,18,호치민-부산,2025-05-01,0
SKU-003,울 블렌드 코트,하의,109.8,48.39,10.6,0.94,18,호치민-부산,2025-06-01,125
SKU-003,울 블렌드 코트,하의,109.8,48.39,10.6,0.94,18,호치민-부산,2025-07-01,0
SKU-003,울 블렌드 코트,하의,109.8,48.39,10.6,0.94,18,호치민-부산,2025-08-01,0
SKU-003,울 블렌드 코트,하의,109.8,48.39,10.6,0.94,18,호치민-부산,2025-09-01,60
SKU-003,울 블렌드 코트,하의,109.8,48.39,10.6,0.94,18,호치민-부산,2025-10-01,386
SKU-003,울 블렌드 코트,하의,109.8,48.39,10.6,0.94,18,호치민-부산,2025-11-01,169
SKU-003,울 블렌드 코트,하의,109.8,48.39,10.6,0.94,18,호치민-부산,2025-12-01,260
SKU-004,러닝 압박 레깅스,액세서리,40.5,51.86,11.57,0.94,32,싱가포르-부산,2024-01-01,514
SKU-004,러닝 압박 레깅스,액세서리,40.5,51.86,11.57,0.94,32,싱가포르-부산,2024-02-01,495
SKU-004,러닝 압박 레깅스,액세서리,40.5,51.86,11.57,0.94,32,싱가포르-부산,2024-03-01,488
SKU-004,러닝 압박 레깅스,액세서리,40.5,51.86,11.57,0.94,32,싱가포르-부산,2024-04-01,518
SKU-004,러닝 압박 레깅스,액세서리,40.5,51.86,11.57,0.94,32,싱가포르-부산,2024-05-01,518
SKU-004,러닝 압박 레깅스,액세서리,40.5,51.86,11.57,0.94,32,싱가포르-부산,2024-06-01,591
SKU-004,러닝 압박 레깅스,액세서리,40.5,51.86,11.57,0.94,32,싱가포르-부산,2024-07-01,422
SKU-004,러닝 압박 레깅스,액세서리,40.5,51.86,11.57,0.94,32,싱가포르-부산,2024-08-01,515
SKU-004,러닝 압박 레깅스,액세서리,40.5,51.86,11.57,0.94,32,싱가포르-부산,2024-09-01,530
SKU-004,러닝 압박 레깅스,액세서리,40.5,51.86,11.57,0.94,32,싱가포르-부산,2024-10-01,787
SKU-004,러닝 압박 레깅스,액세서리,40.5,51.86,11.57,0.94,32,싱가포르-부산,2024-11-01,1138
SKU-004,러닝 압박 레깅스,액세서리,40.5,51.86,11.57,0.94,32,싱가포르-부산,2024-12-01,1275
SKU-004,러닝 압박 레깅스,액세서리,40.5,51.86,11.57,0.94,32,싱가포르-부산,2025-01-01,471
SKU-004,러닝 압박 레깅스,액세서리,40.5,51.86,11.57,0.94,32,싱가포르-부산,2025-02-01,466
SKU-004,러닝 압박 레깅스,액세서리,40.5,51.86,11.57,0.94,32,싱가포르-부산,2025-03-01,524
SKU-004,러닝 압박 레깅스,액세서리,40.5,51.86,11.57,0.94,32,싱가포르-부산,2025-04-01,473
SKU-004,러닝 압박 레깅스,액세서리,40.5,51.86,11.57,0.94,32,싱가포르-부산,2025-05-01,529
SKU-004,러닝 압박 레깅스,액세서리,40.5,51.86,11.57,0.94,32,싱가포르-부산,2025-06-01,493
SKU-004,러닝 압박 레깅스,액세서리,40.5,51.86,11.57,0.94,32,싱가포르-부산,2025-07-01,465
SKU-004,러닝 압박 레깅스,액세서리,40.5,51.86,11.57,0.94,32,싱가포르-부산,2025-08-01,502
SKU-004,러닝 압박 레깅스,액세서리,40.5,51.86,11.57,0.94,32,싱가포르-부산,2025-09-01,473
SKU-004,러닝 압박 레깅스,액세서리,40.5,51.86,11.57,0.94,32,싱가포르-부산,2025-10-01,756
SKU-004,러닝 압박 레깅스,액세서리,40.5,51.86,11.57,0.94,32,싱가포르-부산,2025-11-01,1121
SKU-004,러닝 압박 레깅스,액세서리,40.5,51.86,11.57,0.94,32,싱가포르-부산,2025-12-01,1399
SKU-005,친환경 데님 팬츠,신발,129.6,47.56,10.57,0.94,15,로테르담-부산,2024-01-01,170
SKU-005,친환경 데님 팬츠,신발,129.6,47.56,10.57,0.94,15,로테르담-부산,2024-02-01,151
SKU-005,친환경 데님 팬츠,신발,129.6,47.56,10.57,0.94,15,로테르담-부산,2024-03-01,161
SKU-005,친환경 데님 팬츠,신발,129.6,47.56,10.57,0.94,15,로테르담-부산,2024-04-01,128
SKU-005,친환경 데님 팬츠,신발,129.6,47.56,10.57,0.94,15,로테르담-부산,2024-05-01,104
SKU-005,친환경 데님 팬츠,신발,129.6,47.56,10.57,0.94,15,로테르담-부산,2024-06-01,93
SKU-005,친환경 데님 팬츠,신발,129.6,47.56,10.57,0.94,15,로테르담-부산,2024-07-01,89
SKU-005,친환경 데님 팬츠,신발,129.6,47.56,10.57,0.94,15,로테르담-부산,2024-08-01,98
SKU-005,친환경 데님 팬츠,신발,129.6,47.56,10.57,0.94,15,로테르담-부산,2024-09-01,126
SKU-005,친환경 데님 팬츠,신발,129.6,47.56,10.57,0.94,15,로테르담-부산,2024-10-01,247
SKU-005,친환경 데님 팬츠,신발,129.6,47.56,10.57,0.94,15,로테르담-부산,2024-11-01,355
SKU-005,친환경 데님 팬츠,신발,129.6,47.56,10.57,0.94,15,로테르담-부산,2024-12-01,477
SKU-005,친환경 데님 팬츠,신발,129.6,47.56,10.57,0.94,15,로테르담-부산,2025-01-01,195
SKU-005,친환경 데님 팬츠,신발,129.6,47.56,10.57,0.94,15,로테르담-부산,2025-02-01,184
SKU-005,친환경 데님 팬츠,신발,129.6,47.56,10.57,0.94,15,로테르담-부산,2025-03-01,126
SKU-005,친환경 데님 팬츠,신발,129.6,47.56,10.57,0.94,15,로테르담-부산,2025-04-01,116
SKU-005,친환경 데님 팬츠,신발,129.6,47.56,10.57,0.94,15,로테르담-부산,2025-05-01,120
SKU-005,친환경 데님 팬츠,신발,129.6,47.56,10.57,0.94,15,로테르담-부산,2025-06-01,91
SKU-005,친환경 데님 팬츠,신발,129.6,47.56,10.57,0.94,15,로테르담-부산,2025-07-01,110
SKU-005,친환경 데님 팬츠,신발,129.6,47.56,10.57,0.94,15,로테르담-부산,2025-08-01,87
SKU-005,친환경 데님 팬츠,신발,129.6,47.56,10.57,0.94,15,로테르담-부산,2025-09-01,158
SKU-005,친환경 데님 팬츠,신발,129.6,47.56,10.57,0.94,15,로테르담-부산,2025-10-01,263
SKU-005,친환경 데님 팬츠,신발,129.6,47.56,10.57,0.94,15,로테르담-부산,2025-11-01,364
SKU-005,친환경 데님 팬츠,신발,129.6,47.56,10.57,0.94,15,로테르담-부산,2025-12-01,468
SKU-006,캐시미어 니트,아우터,94.5,46.58,11.9,0.94,18,로스앤젤레스-부산,2024-01-01,101
SKU-006,캐시미어 니트,아우터,94.5,46.58,11.9,0.94,18,로스앤젤레스-부산,2024-02-01,226
SKU-006,캐시미어 니트,아우터,94.5,46.58,11.9,0.94,18,로스앤젤레스-부산,2024-03-01,0
SKU-006,캐시미어 니트,아우터,94.5,46.58,11.9,0.94,18,로스앤젤레스-부산,2024-04-01,714
SKU-006,캐시미어 니트,아우터,94.5,46.58,11.9,0.94,18,로스앤젤레스-부산,2024-05-01,184
SKU-006,캐시미어 니트,아우터,94.5,46.58,11.9,0.94,18,로스앤젤레스-부산,2024-06-01,316
SKU-006,캐시미어 니트,아우터,94.5,46.58,11.9,0.94,18,로스앤젤레스-부산,2024-07-01,0
SKU-006,캐시미어 니트,아우터,94.5,46.58,11.9,0.94,18,로스앤젤레스-부산,2024-08-01,448
SKU-006,캐시미어 니트,아우터,94.5,46.58,11.9,0.94,18,로스앤젤레스-부산,2024-09-01,196
SKU-006,캐시미어 니트,아우터,94.5,46.58,11.9,0.94,18,로스앤젤레스-부산,2024-10-01,0
SKU-006,캐시미어 니트,아우터,94.5,46.58,11.9,0.94,18,로스앤젤레스-부산,2024-11-01,497
SKU-006,캐시미어 니트,아우터,94.5,46.58,11.9,0.94,18,로스앤젤레스-부산,2024-12-01,682
SKU-006,캐시미어 니트,아우터,94.5,46.58,11.9,0.94,18,로스앤젤레스-부산,2025-01-01,243
SKU-006,캐시미어 니트,아우터,94.5,46.58,11.9,0.94,18,로스앤젤레스-부산,2025-02-01,162
SKU-006,캐시미어 니트,아우터,94.5,46.58,11.9,0.94,18,로스앤젤레스-부산,2025-03-01,0
SKU-006,캐시미어 니트,아우터,94.5,46.58,11.9,0.94,18,로스앤젤레스-부산,2025-04-01,64
SKU-006,캐시미어 니트,아우터,94.5,46.58,11.9,0.94,18,로스앤젤레스-부산,2025-05-01,231
SKU-006,캐시미어 니트,아우터,94.5,46.58,11.9,0.94,18,로스앤젤레스-부산,2025-06-01,284
SKU-006,캐시미어 니트,아우터,94.5,46.58,11.9,0.94,18,로스앤젤레스-부산,2025-07-01,264
SKU-006,캐시미어 니트,아우터,94.5,46.58,11.9,0.94,18,로스앤젤레스-부산,2025-08-01,901
SKU-006,캐시미어 니트,아우터,94.5,46.58,11.9,0.94,18,로스앤젤레스-부산,2025-09-01,29
SKU-006,캐시미어 니트,아우터,94.5,46.58,11.9,0.94,18,로스앤젤레스-부산,2025-10-01,289
SKU-006,캐시미어 니트,아우터,94.5,46.58,11.9,0.94,18,로스앤젤레스-부산,2025-11-01,261
SKU-006,캐시미어 니트,아우터,94.5,46.58,11.9,0.94,18,로스앤젤레스-부산,2025-12-01,0
SKU-007,캔버스 토트백,상의,66.6,45.14,10.74,0.94,28,상하이-부산,2024-01-01,317
SKU-007,캔버스 토트백,상의,66.6,45.14,10.74,0.94,28,상하이-부산,2024-02-01,247
SKU-007,캔버스 토트백,상의,66.6,45.14,10.74,0.94,28,상하이-부산,2024-03-01,282
SKU-007,캔버스 토트백,상의,66.6,45.14,10.74,0.94,28,상하이-부산,2024-04-01,274
SKU-007,캔버스 토트백,상의,66.6,45.14,10.74,0.94,28,상하이-부산,2024-05-01,256
SKU-007,캔버스 토트백,상의,66.6,45.14,10.74,0.94,28,상하이-부산,2024-06-01,281
SKU-007,캔버스 토트백,상의,66.6,45.14,10.74,0.94,28,상하이-부산,2024-07-01,255
SKU-007,캔버스 토트백,상의,66.6,45.14,10.74,0.94,28,상하이-부산,2024-08-01,270
SKU-007,캔버스 토트백,상의,66.6,45.14,10.74,0.94,28,상하이-부산,2024-09-01,273
SKU-007,캔버스 토트백,상의,66.6,45.14,10.74,0.94,28,상하이-부산,2024-10-01,406
SKU-007,캔버스 토트백,상의,66.6,45.14,10.74,0.94,28,상하이-부산,2024-11-01,594
SKU-007,캔버스 토트백,상의,66.6,45.14,10.74,0.94,28,상하이-부산,2024-12-01,640
SKU-007,캔버스 토트백,상의,66.6,45.14,10.74,0.94,28,상하이-부산,2025-01-01,265
SKU-007,캔버스 토트백,상의,66.6,45.14,10.74,0.94,28,상하이-부산,2025-02-01,270
SKU-007,캔버스 토트백,상의,66.6,45.14,10.74,0.94,28,상하이-부산,2025-03-01,283
SKU-007,캔버스 토트백,상의,66.6,45.14,10.74,0.94,28,상하이-부산,2025-04-01,255
SKU-007,캔버스 토트백,상의,66.6,45.14,10.74,0.94,28,상하이-부산,2025-05-01,253
SKU-007,캔버스 토트백,상의,66.6,45.14,10.74,0.94,28,상하이-부산,2025-06-01,291
SKU-007,캔버스 토트백,상의,66.6,45.14,10.74,0.94,28,상하이-부산,2025-07-01,283
SKU-007,캔버스 토트백,상의,66.6,45.14,10.74,0.94,28,상하이-부산,2025-08-01,281
SKU-007,캔버스 토트백,상의,66.6,45.14,10.74,0.94,28,상하이-부산,2025-09-01,253
SKU-007,캔버스 토트백,상의,66.6,45.14,10.74,0.94,28,상하이-부산,2025-10-01,417
SKU-007,캔버스 토트백,상의,66.6,45.14,10.74,0.94,28,상하이-부산,2025-11-01,536
SKU-007,캔버스 토트백,상의,66.6,45.14,10.74,0.94,28,상하이-부산,2025-12-01,710
SKU-008,비건 레더 스니커즈,하의,32.4,50.57,11.53,0.94,102,선전-부산,2024-01-01,586
SKU-008,비건 레더 스니커즈,하의,32.4,50.57,11.53,0.94,102,선전-부산,2024-02-01,547
SKU-008,비건 레더 스니커즈,하의,32.4,50.57,11.53,0.94,102,선전-부산,2024-03-01,325
SKU-008,비건 레더 스니커즈,하의,32.4,50.57,11.53,0.94,102,선전-부산,2024-04-01,309
SKU-008,비건 레더 스니커즈,하의,32.4,50.57,11.53,0.94,102,선전-부산,2024-05-01,326
SKU-008,비건 레더 스니커즈,하의,32.4,50.57,11.53,0.94,102,선전-부산,2024-06-01,444
SKU-008,비건 레더 스니커즈,하의,32.4,50.57,11.53,0.94,102,선전-부산,2024-07-01,558
SKU-008,비건 레더 스니커즈,하의,32.4,50.57,11.53,0.94,102,선전-부산,2024-08-01,548
SKU-008,비건 레더 스니커즈,하의,32.4,50.57,11.53,0.94,102,선전-부산,2024-09-01,812
SKU-008,비건 레더 스니커즈,하의,32.4,50.57,11.53,0.94,102,선전-부산,2024-10-01,1257
SKU-008,비건 레더 스니커즈,하의,32.4,50.57,11.53,0.94,102,선전-부산,2024-11-01,1604
SKU-008,비건 레더 스니커즈,하의,32.4,50.57,11.53,0.94,102,선전-부산,2024-12-01,1533
SKU-008,비건 레더 스니커즈,하의,32.4,50.57,11.53,0.94,102,선전-부산,2025-01-01,503
SKU-008,비건 레더 스니커즈,하의,32.4,50.57,11.53,0.94,102,선전-부산,2025-02-01,445
SKU-008,비건 레더 스니커즈,하의,32.4,50.57,11.53,0.94,102,선전-부산,2025-03-01,314
SKU-008,비건 레더 스니커즈,하의,32.4,50.57,11.53,0.94,102,선전-부산,2025-04-01,267
SKU-008,비건 레더 스니커즈,하의,32.4,50.57,11.53,0.94,102,선전-부산,2025-05-01,283
SKU-008,비건 레더 스니커즈,하의,32.4,50.57,11.53,0.94,102,선전-부산,2025-06-01,480
SKU-008,비건 레더 스니커즈,하의,32.4,50.57,11.53,0.94,102,선전-부산,2025-07-01,569
SKU-008,비건 레더 스니커즈,하의,32.4,50.57,11.53,0.94,102,선전-부산,2025-08-01,651
SKU-008,비건 레더 스니커즈,하의,32.4,50.57,11.53,0.94,102,선전-부산,2025-09-01,668
SKU-008,비건 레더 스니커즈,하의,32.4,50.57,11.53,0.94,102,선전-부산,2025-10-01,1272
SKU-008,비건 레더 스니커즈,하의,32.4,50.57,11.53,0.94,102,선전-부산,2025-11-01,1561
SKU-008,비건 레더 스니커즈,하의,32.4,50.57,11.53,0.94,102,선전-부산,2025-12-01,1644
SKU-009,경량 패딩 베스트,액세서리,34.2,44.3,11.01,0.94,44,호치민-부산,2024-01-01,0
SKU-009,경량 패딩 베스트,액세서리,34.2,44.3,11.01,0.94,44,호치민-부산,2024-02-01,336
SKU-009,경량 패딩 베스트,액세서리,34.2,44.3,11.01,0.94,44,호치민-부산,2024-03-01,0
SKU-009,경량 패딩 베스트,액세서리,34.2,44.3,11.01,0.94,44,호치민-부산,2024-04-01,172
SKU-009,경량 패딩 베스트,액세서리,34.2,44.3,11.01,0.94,44,호치민-부산,2024-05-01,0
SKU-009,경량 패딩 베스트,액세서리,34.2,44.3,11.01,0.94,44,호치민-부산,2024-06-01,438
SKU-009,경량 패딩 베스트,액세서리,34.2,44.3,11.01,0.94,44,호치민-부산,2024-07-01,0
SKU-009,경량 패딩 베스트,액세서리,34.2,44.3,11.01,0.94,44,호치민-부산,2024-08-01,391
SKU-009,경량 패딩 베스트,액세서리,34.2,44.3,11.01,0.94,44,호치민-부산,2024-09-01,0
SKU-009,경량 패딩 베스트,액세서리,34.2,44.3,11.01,0.94,44,호치민-부산,2024-10-01,981
SKU-009,경량 패딩 베스트,액세서리,34.2,44.3,11.01,0.94,44,호치민-부산,2024-11-01,1631
SKU-009,경량 패딩 베스트,액세서리,34.2,44.3,11.01,0.94,44,호치민-부산,2024-12-01,729
SKU-009,경량 패딩 베스트,액세서리,34.2,44.3,11.01,0.94,44,호치민-부산,2025-01-01,0
SKU-009,경량 패딩 베스트,액세서리,34.2,44.3,11.01,0.94,44,호치민-부산,2025-02-01,530
SKU-009,경량 패딩 베스트,액세서리,34.2,44.3,11.01,0.94,44,호치민-부산,2025-03-01,397
SKU-009,경량 패딩 베스트,액세서리,34.2,44.3,11.01,0.94,44,호치민-부산,2025-04-01,36
SKU-009,경량 패딩 베스트,액세서리,34.2,44.3,11.01,0.94,44,호치민-부산,2025-05-01,262
SKU-009,경량 패딩 베스트,액세서리,34.2,44.3,11.01,0.94,44,호치민-부산,2025-06-01,1012
SKU-009,경량 패딩 베스트,액세서리,34.2,44.3,11.01,0.94,44,호치민-부산,2025-07-01,581
SKU-009,경량 패딩 베스트,액세서리,34.2,44.3,11.01,0.94,44,호치민-부산,2025-08-01,215
SKU-009,경량 패딩 베스트,액세서리,34.2,44.3,11.01,0.94,44,호치민-부산,2025-09-01,0
SKU-009,경량 패딩 베스트,액세서리,34.2,44.3,11.01,0.94,44,호치민-부산,2025-10-01,1158
SKU-009,경량 패딩 베스트,액세서리,34.2,44.3,11.01,0.94,44,호치민-부산,2025-11-01,1337
SKU-009,경량 패딩 베스트,액세서리,34.2,44.3,11.01,0.94,44,호치민-부산,2025-12-01,1012
SKU-010,기능성 골프 장갑,신발,22.5,47.41,10.24,0.94,109,싱가포르-부산,2024-01-01,825
SKU-010,기능성 골프 장갑,신발,22.5,47.41,10.24,0.94,109,싱가포르-부산,2024-02-01,910
SKU-010,기능성 골프 장갑,신발,22.5,47.41,10.24,0.94,109,싱가포르-부산,2024-03-01,839
SKU-010,기능성 골프 장갑,신발,22.5,47.41,10.24,0.94,109,싱가포르-부산,2024-04-01,876
SKU-010,기능성 골프 장갑,신발,22.5,47.41,10.24,0.94,109,싱가포르-부산,2024-05-01,843
SKU-010,기능성 골프 장갑,신발,22.5,47.41,10.24,0.94,109,싱가포르-부산,2024-06-01,869
SKU-010,기능성 골프 장갑,신발,22.5,47.41,10.24,0.94,109,싱가포르-부산,2024-07-01,853
SKU-010,기능성 골프 장갑,신발,22.5,47.41,10.24,0.94,109,싱가포르-부산,2024-08-01,816
SKU-010,기능성 골프 장갑,신발,22.5,47.41,10.24,0.94,109,싱가포르-부산,2024-09-01,813
SKU-010,기능성 골프 장갑,신발,22.5,47.41,10.24,0.94,109,싱가포르-부산,2024-10-01,1420
SKU-010,기능성 골프 장갑,신발,22.5,47.41,10.24,0.94,109,싱가포르-부산,2024-11-01,1726
SKU-010,기능성 골프 장갑,신발,22.5,47.41,10.24,0.94,109,싱가포르-부산,2024-12-01,2226
SKU-010,기능성 골프 장갑,신발,22.5,47.41,10.24,0.94,109,싱가포르-부산,2025-01-01,764
SKU-010,기능성 골프 장갑,신발,22.5,47.41,10.24,0.94,109,싱가포르-부산,2025-02-01,876
SKU-010,기능성 골프 장갑,신발,22.5,47.41,10.24,0.94,109,싱가포르-부산,2025-03-01,855
SKU-010,기능성 골프 장갑,신발,22.5,47.41,10.24,0.94,109,싱가포르-부산,2025-04-01,858
SKU-010,기능성 골프 장갑,신발,22.5,47.41,10.24,0.94,109,싱가포르-부산,2025-05-01,869
SKU-010,기능성 골프 장갑,신발,22.5,47.41,10.24,0.94,109,싱가포르-부산,2025-06-01,847
SKU-010,기능성 골프 장갑,신발,22.5,47.41,10.24,0.94,109,싱가포르-부산,2025-07-01,835
SKU-010,기능성 골프 장갑,신발,22.5,47.41,10.24,0.94,109,싱가포르-부산,2025-08-01,875
SKU-010,기능성 골프 장갑,신발,22.5,47.41,10.24,0.94,109,싱가포르-부산,2025-09-01,877
SKU-010,기능성 골프 장갑,신발,22.5,47.41,10.24,0.94,109,싱가포르-부산,2025-10-01,1330
SKU-010,기능성 골프 장갑,신발,22.5,47.41,10.24,0.94,109,싱가포르-부산,2025-11-01,1832
SKU-010,기능성 골프 장갑,신발,22.5,47.41,10.24,0.94,109,싱가포르-부산,2025-12-01,2087
SKU-011,리넨 와이드 팬츠,아우터,125.1,46.27,11.28,0.94,5,로테르담-부산,2024-01-01,27
SKU-011,리넨 와이드 팬츠,아우터,125.1,46.27,11.28,0.94,5,로테르담-부산,2024-02-01,26
SKU-011,리넨 와이드 팬츠,아우터,125.1,46.27,11.28,0.94,5,로테르담-부산,2024-03-01,27
SKU-011,리넨 와이드 팬츠,아우터,125.1,46.27,11.28,0.94,5,로테르담-부산,2024-04-01,26
SKU-011,리넨 와이드 팬츠,아우터,125.1,46.27,11.28,0.94,5,로테르담-부산,2024-05-01,26
SKU-011,리넨 와이드 팬츠,아우터,125.1,46.27,11.28,0.94,5,로테르담-부산,2024-06-01,27
SKU-011,리넨 와이드 팬츠,아우터,125.1,46.27,11.28,0.94,5,로테르담-부산,2024-07-01,27
SKU-011,리넨 와이드 팬츠,아우터,125.1,46.27,11.28,0.94,5,로테르담-부산,2024-08-01,26
SKU-011,리넨 와이드 팬츠,아우터,125.1,46.27,11.28,0.94,5,로테르담-부산,2024-09-01,27
SKU-011,리넨 와이드 팬츠,아우터,125.1,46.27,11.28,0.94,5,로테르담-부산,2024-10-01,45
SKU-011,리넨 와이드 팬츠,아우터,125.1,46.27,11.28,0.94,5,로테르담-부산,2024-11-01,52
SKU-011,리넨 와이드 팬츠,아우터,125.1,46.27,11.28,0.94,5,로테르담-부산,2024-12-01,76
SKU-011,리넨 와이드 팬츠,아우터,125.1,46.27,11.28,0.94,5,로테르담-부산,2025-01-01,26
SKU-011,리넨 와이드 팬츠,아우터,125.1,46.27,11.28,0.94,5,로테르담-부산,2025-02-01,29
SKU-011,리넨 와이드 팬츠,아우터,125.1,46.27,11.28,0.94,5,로테르담-부산,2025-03-01,28
SKU-011,리넨 와이드 팬츠,아우터,125.1,46.27,11.28,0.94,5,로테르담-부산,2025-04-01,25
SKU-011,리넨 와이드 팬츠,아우터,125.1,46.27,11.28,0.94,5,로테르담-부산,2025-05-01,30
SKU-011,리넨 와이드 팬츠,아우터,125.1,46.27,11.28,0.94,5,로테르담-부산,2025-06-01,28
SKU-011,리넨 와이드 팬츠,아우터,125.1,46.27,11.28,0.94,5,로테르담-부산,2025-07-01,27
SKU-011,리넨 와이드 팬츠,아우터,125.1,46.27,11.28,0.94,5,로테르담-부산,2025-08-01,26
SKU-011,리넨 와이드 팬츠,아우터,125.1,46.27,11.28,0.94,5,로테르담-부산,2025-09-01,26
SKU-011,리넨 와이드 팬츠,아우터,125.1,46.27,11.28,0.94,5,로테르담-부산,2025-10-01,43
SKU-011,리넨 와이드 팬츠,아우터,125.1,46.27,11.28,0.94,5,로테르담-부산,2025-11-01,58
SKU-011,리넨 와이드 팬츠,아우터,125.1,46.27,11.28,0.94,5,로테르담-부산,2025-12-01,65
SKU-012,실크 스카프,상의,72.9,46.03,12.16,0.94,9,로스앤젤레스-부산,2024-01-01,42
SKU-012,실크 스카프,상의,72.9,46.03,12.16,0.94,9,로스앤젤레스-부산,2024-02-01,59
SKU-012,실크 스카프,상의,72.9,46.03,12.16,0.94,9,로스앤젤레스-부산,2024-03-01,61
SKU-012,실크 스카프,상의,72.9,46.03,12.16,0.94,9,로스앤젤레스-부산,2024-04-01,56
SKU-012,실크 스카프,상의,72.9,46.03,12.16,0.94,9,로스앤젤레스-부산,2024-05-01,61
SKU-012,실크 스카프,상의,72.9,46.03,12.16,0.94,9,로스앤젤레스-부산,2024-06-01,43
SKU-012,실크 스카프,상의,72.9,46.03,12.16,0.94,9,로스앤젤레스-부산,2024-07-01,37
SKU-012,실크 스카프,상의,72.9,46.03,12.16,0.94,9,로스앤젤레스-부산,2024-08-01,39
SKU-012,실크 스카프,상의,72.9,46.03,12.16,0.94,9,로스앤젤레스-부산,2024-09-01,26
SKU-012,실크 스카프,상의,72.9,46.03,12.16,0.94,9,로스앤젤레스-부산,2024-10-01,42
SKU-012,실크 스카프,상의,72.9,46.03,12.16,0.94,9,로스앤젤레스-부산,2024-11-01,49
SKU-012,실크 스카프,상의,72.9,46.03,12.16,0.94,9,로스앤젤레스-부산,2024-12-01,109
SKU-012,실크 스카프,상의,72.9,46.03,12.16,0.94,9,로스앤젤레스-부산,2025-01-01,54
SKU-012,실크 스카프,상의,72.9,46.03,12.16,0.94,9,로스앤젤레스-부산,2025-02-01,63
SKU-012,실크 스카프,상의,72.9,46.03,12.16,0.94,9,로스앤젤레스-부산,2025-03-01,63
SKU-012,실크 스카프,상의,72.9,46.03,12.16,0.94,9,로스앤젤레스-부산,2025-04-01,66
SKU-012,실크 스카프,상의,72.9,46.03,12.16,0.94,9,로스앤젤레스-부산,2025-05-01,58
SKU-012,실크 스카프,상의,72.9,46.03,12.16,0.94,9,로스앤젤레스-부산,2025-06-01,52
SKU-012,실크 스카프,상의,72.9,46.03,12.16,0.94,9,로스앤젤레스-부산,2025-07-01,41
SKU-012,실크 스카프,상의,72.9,46.03,12.16,0.94,9,로스앤젤레스-부산,2025-08-01,37
SKU-012,실크 스카프,상의,72.9,46.03,12.16,0.94,9,로스앤젤레스-부산,2025-09-01,26
SKU-012,실크 스카프,상의,72.9,46.03,12.16,0.94,9,로스앤젤레스-부산,2025-10-01,36
SKU-012,실크 스카프,상의,72.9,46.03,12.16,0.94,9,로스앤젤레스-부산,2025-11-01,85
SKU-012,실크 스카프,상의,72.9,46.03,12.16,0.94,9,로스앤젤레스-부산,2025-12-01,105
SKU-013,플리스 후드 집업,하의,106.2,48.0,10.51,0.94,3,상하이-부산,2024-01-01,11
SKU-013,플리스 후드 집업,하의,106.2,48.0,10.51,0.94,3,상하이-부산,2024-02-01,0
SKU-013,플리스 후드 집업,하의,106.2,48.0,10.51,0.94,3,상하이-부산,2024-03-01,12
SKU-013,플리스 후드 집업,하의,106.2,48.0,10.51,0.94,3,상하이-부산,2024-04-01,0
SKU-013,플리스 후드 집업,하의,106.2,48.0,10.51,0.94,3,상하이-부산,2024-05-01,119
SKU-013,플리스 후드 집업,하의,106.2,48.0,10.51,0.94,3,상하이-부산,2024-06-01,112
SKU-013,플리스 후드 집업,하의,106.2,48.0,10.51,0.94,3,상하이-부산,2024-07-01,68
SKU-013,플리스 후드 집업,하의,106.2,48.0,10.51,0.94,3,상하이-부산,2024-08-01,29
SKU-013,플리스 후드 집업,하의,106.2,48.0,10.51,0.94,3,상하이-부산,2024-09-01,20
SKU-013,플리스 후드 집업,하의,106.2,48.0,10.51,0.94,3,상하이-부산,2024-10-01,250
SKU-013,플리스 후드 집업,하의,106.2,48.0,10.51,0.94,3,상하이-부산,2024-11-01,58
SKU-013,플리스 후드 집업,하의,106.2,48.0,10.51,0.94,3,상하이-부산,2024-12-01,118
SKU-013,플리스 후드 집업,하의,106.2,48.0,10.51,0.94,3,상하이-부산,2025-01-01,10
SKU-013,플리스 후드 집업,하의,106.2,48.0,10.51,0.94,3,상하이-부산,2025-02-01,36
SKU-013,플리스 후드 집업,하의,106.2,48.0,10.51,0.94,3,상하이-부산,2025-03-01,51
SKU-013,플리스 후드 집업,하의,106.2,48.0,10.51,0.94,3,상하이-부산,2025-04-01,0
SKU-013,플리스 후드 집업,하의,106.2,48.0,10.51,0.94,3,상하이-부산,2025-05-01,62
SKU-013,플리스 후드 집업,하의,106.2,48.0,10.51,0.94,3,상하이-부산,2025-06-01,0
SKU-013,플리스 후드 집업,하의,106.2,48.0,10.51,0.94,3,상하이-부산,2025-07-01,0
SKU-013,플리스 후드 집업,하의,106.2,48.0,10.51,0.94,3,상하이-부산,2025-08-01,20
SKU-013,플리스 후드 집업,하의,106.2,48.0,10.51,0.94,3,상하이-부산,2025-09-01,32
SKU-013,플리스 후드 집업,하의,106.2,48.0,10.51,0.94,3,상하이-부산,2025-10-01,0
SKU-013,플리스 후드 집업,하의,106.2,48.0,10.51,0.94,3,상하이-부산,2025-11-01,83
SKU-013,플리스 후드 집업,하의,106.2,48.0,10.51,0.94,3,상하이-부산,2025-12-01,27
SKU-014,아동용 레인부츠,액세서리,120.6,49.97,12.46,0.94,5,선전-부산,2024-01-01,30
SKU-014,아동용 레인부츠,액세서리,120.6,49.97,12.46,0.94,5,선전-부산,2024-02-01,26
SKU-014,아동용 레인부츠,액세서리,120.6,49.97,12.46,0.94,5,선전-부산,2024-03-01,30
SKU-014,아동용 레인부츠,액세서리,120.6,49.97,12.46,0.94,5,선전-부산,2024-04-01,32
SKU-014,아동용 레인부츠,액세서리,120.6,49.97,12.46,0.94,5,선전-부산,2024-05-01,24
SKU-014,아동용 레인부츠,액세서리,120.6,49.97,12.46,0.94,5,선전-부산,2024-06-01,28
SKU-014,아동용 레인부츠,액세서리,120.6,49.97,12.46,0.94,5,선전-부산,2024-07-01,30
SKU-014,아동용 레인부츠,액세서리,120.6,49.97,12.46,0.94,5,선전-부산,2024-08-01,28
SKU-014,아동용 레인부츠,액세서리,120.6,49.97,12.46,0.94,5,선전-부산,2024-09-01,31
SKU-014,아동용 레인부츠,액세서리,120.6,49.97,12.46,0.94,5,선전-부산,2024-10-01,45
SKU-014,아동용 레인부츠,액세서리,120.6,49.97,12.46,0.94,5,선전-부산,2024-11-01,61
SKU-014,아동용 레인부츠,액세서리,120.6,49.97,12.46,0.94,5,선전-부산,2024-12-01,65
SKU-014,아동용 레인부츠,액세서리,120.6,49.97,12.46,0.94,5,선전-부산,2025-01-01,31
SKU-014,아동용 레인부츠,액세서리,120.6,49.97,12.46,0.94,5,선전-부산,2025-02-01,29
SKU-014,아동용 레인부츠,액세서리,120.6,49.97,12.46,0.94,5,선전-부산,2025-03-01,28
SKU-014,아동용 레인부츠,액세서리,120.6,49.97,12.46,0.94,5,선전-부산,2025-04-01,29
SKU-014,아동용 레인부츠,액세서리,120.6,49.97,12.46,0.94,5,선전-부산,2025-05-01,26
SKU-014,아동용 레인부츠,액세서리,120.6,49.97,12.46,0.94,5,선전-부산,2025-06-01,32
SKU-014,아동용 레인부츠,액세서리,120.6,49.97,12.46,0.94,5,선전-부산,2025-07-01,28
SKU-014,아동용 레인부츠,액세서리,120.6,49.97,12.46,0.94,5,선전-부산,2025-08-01,27
SKU-014,아동용 레인부츠,액세서리,120.6,49.97,12.46,0.94,5,선전-부산,2025-09-01,27
SKU-014,아동용 레인부츠,액세서리,120.6,49.97,12.46,0.94,5,선전-부산,2025-10-01,42
SKU-014,아동용 레인부츠,액세서리,120.6,49.97,12.46,0.94,5,선전-부산,2025-11-01,61
SKU-014,아동용 레인부츠,액세서리,120.6,49.97,12.46,0.94,5,선전-부산,2025-12-01,69
SKU-015,스트레치 요가 탑,신발,72.0,45.01,11.82,0.94,3,호치민-부산,2024-01-01,71
SKU-015,스트레치 요가 탑,신발,72.0,45.01,11.82,0.94,3,호치민-부산,2024-02-01,65
SKU-015,스트레치 요가 탑,신발,72.0,45.01,11.82,0.94,3,호치민-부산,2024-03-01,67
SKU-015,스트레치 요가 탑,신발,72.0,45.01,11.82,0.94,3,호치민-부산,2024-04-01,50
SKU-015,스트레치 요가 탑,신발,72.0,45.01,11.82,0.94,3,호치민-부산,2024-05-01,36
SKU-015,스트레치 요가 탑,신발,72.0,45.01,11.82,0.94,3,호치민-부산,2024-06-01,35
SKU-015,스트레치 요가 탑,신발,72.0,45.01,11.82,0.94,3,호치민-부산,2024-07-01,29
SKU-015,스트레치 요가 탑,신발,72.0,45.01,11.82,0.94,3,호치민-부산,2024-08-01,42
SKU-015,스트레치 요가 탑,신발,72.0,45.01,11.82,0.94,3,호치민-부산,2024-09-01,48
SKU-015,스트레치 요가 탑,신발,72.0,45.01,11.82,0.94,3,호치민-부산,2024-10-01,72
SKU-015,스트레치 요가 탑,신발,72.0,45.01,11.82,0.94,3,호치민-부산,2024-11-01,146
SKU-015,스트레치 요가 탑,신발,72.0,45.01,11.82,0.94,3,호치민-부산,2024-12-01,172
SKU-015,스트레치 요가 탑,신발,72.0,45.01,11.82,0.94,3,호치민-부산,2025-01-01,67
SKU-015,스트레치 요가 탑,신발,72.0,45.01,11.82,0.94,3,호치민-부산,2025-02-01,61
SKU-015,스트레치 요가 탑,신발,72.0,45.01,11.82,0.94,3,호치민-부산,2025-03-01,65
SKU-015,스트레치 요가 탑,신발,72.0,45.01,11.82,0.94,3,호치민-부산,2025-04-01,48
SKU-015,스트레치 요가 탑,신발,72.0,45.01,11.82,0.94,3,호치민-부산,2025-05-01,43
SKU-015,스트레치 요가 탑,신발,72.0,45.01,11.82,0.94,3,호치민-부산,2025-06-01,26
SKU-015,스트레치 요가 탑,신발,72.0,45.01,11.82,0.94,3,호치민-부산,2025-07-01,31
SKU-015,스트레치 요가 탑,신발,72.0,45.01,11.82,0.94,3,호치민-부산,2025-08-01,39
SKU-015,스트레치 요가 탑,신발,72.0,45.01,11.82,0.94,3,호치민-부산,2025-09-01,45
SKU-015,스트레치 요가 탑,신발,72.0,45.01,11.82,0.94,3,호치민-부산,2025-10-01,80
SKU-015,스트레치 요가 탑,신발,72.0,45.01,11.82,0.94,3,호치민-부산,2025-11-01,153
SKU-015,스트레치 요가 탑,신발,72.0,45.01,11.82,0.94,3,호치민-부산,2025-12-01,160
SKU-016,메리노 울 양말,아우터,39.6,49.5,11.12,0.94,9,싱가포르-부산,2024-01-01,145
SKU-016,메리노 울 양말,아우터,39.6,49.5,11.12,0.94,9,싱가포르-부산,2024-02-01,65
SKU-016,메리노 울 양말,아우터,39.6,49.5,11.12,0.94,9,싱가포르-부산,2024-03-01,235
SKU-016,메리노 울 양말,아우터,39.6,49.5,11.12,0.94,9,싱가포르-부산,2024-04-01,45
SKU-016,메리노 울 양말,아우터,39.6,49.5,11.12,0.94,9,싱가포르-부산,2024-05-01,0
SKU-016,메리노 울 양말,아우터,39.6,49.5,11.12,0.94,9,싱가포르-부산,2024-06-01,0
SKU-016,메리노 울 양말,아우터,39.6,49.5,11.12,0.94,9,싱가포르-부산,2024-07-01,97
SKU-016,메리노 울 양말,아우터,39.6,49.5,11.12,0.94,9,싱가포르-부산,2024-08-01,66
SKU-016,메리노 울 양말,아우터,39.6,49.5,11.12,0.94,9,싱가포르-부산,2024-09-01,0
SKU-016,메리노 울 양말,아우터,39.6,49.5,11.12,0.94,9,싱가포르-부산,2024-10-01,202
SKU-016,메리노 울 양말,아우터,39.6,49.5,11.12,0.94,9,싱가포르-부산,2024-11-01,119
SKU-016,메리노 울 양말,아우터,39.6,49.5,11.12,0.94,9,싱가포르-부산,2024-12-01,147
SKU-016,메리노 울 양말,아우터,39.6,49.5,11.12,0.94,9,싱가포르-부산,2025-01-01,94
SKU-016,메리노 울 양말,아우터,39.6,49.5,11.12,0.94,9,싱가포르-부산,2025-02-01,0
SKU-016,메리노 울 양말,아우터,39.6,49.5,11.12,0.94,9,싱가포르-부산,2025-03-01,0
SKU-016,메리노 울 양말,아우터,39.6,49.5,11.12,0.94,9,싱가포르-부산,2025-04-01,252
SKU-016,메리노 울 양말,아우터,39.6,49.5,11.12,0.94,9,싱가포르-부산,2025-05-01,73
SKU-016,메리노 울 양말,아우터,39.6,49.5,11.12,0.94,9,싱가포르-부산,2025-06-01,29
SKU-016,메리노 울 양말,아우터,39.6,49.5,11.12,0.94,9,싱가포르-부산,2025-07-01,26
SKU-016,메리노 울 양말,아우터,39.6,49.5,11.12,0.94,9,싱가포르-부산,2025-08-01,16
SKU-016,메리노 울 양말,아우터,39.6,49.5,11.12,0.94,9,싱가포르-부산,2025-09-01,155
SKU-016,메리노 울 양말,아우터,39.6,49.5,11.12,0.94,9,싱가포르-부산,2025-10-01,0
SKU-016,메리노 울 양말,아우터,39.6,49.5,11.12,0.94,9,싱가포르-부산,2025-11-01,63
SKU-016,메리노 울 양말,아우터,39.6,49.5,11.12,0.94,9,싱가포르-부산,2025-12-01,0
SKU-017,여행용 크로스백,상의,116.1,46.12,12.31,0.94,6,로테르담-부산,2024-01-01,36
SKU-017,여행용 크로스백,상의,116.1,46.12,12.31,0.94,6,로테르담-부산,2024-02-01,30
SKU-017,여행용 크로스백,상의,116.1,46.12,12.31,0.94,6,로테르담-부산,2024-03-01,33
SKU-017,여행용 크로스백,상의,116.1,46.12,12.31,0.94,6,로테르담-부산,2024-04-01,31
SKU-017,여행용 크로스백,상의,116.1,46.12,12.31,0.94,6,로테르담-부산,2024-05-01,32
SKU-017,여행용 크로스백,상의,116.1,46.12,12.31,0.94,6,로테르담-부산,2024-06-01,30
SKU-017,여행용 크로스백,상의,116.1,46.12,12.31,0.94,6,로테르담-부산,2024-07-01,32
SKU-017,여행용 크로스백,상의,116.1,46.12,12.31,0.94,6,로테르담-부산,2024-08-01,30
SKU-017,여행용 크로스백,상의,116.1,46.12,12.31,0.94,6,로테르담-부산,2024-09-01,34
SKU-017,여행용 크로스백,상의,116.1,46.12,12.31,0.94,6,로테르담-부산,2024-10-01,47
SKU-017,여행용 크로스백,상의,116.1,46.12,12.31,0.94,6,로테르담-부산,2024-11-01,63
SKU-017,여행용 크로스백,상의,116.1,46.12,12.31,0.94,6,로테르담-부산,2024-12-01,76
SKU-017,여행용 크로스백,상의,116.1,46.12,12.31,0.94,6,로테르담-부산,2025-01-01,30
SKU-017,여행용 크로스백,상의,116.1,46.12,12.31,0.94,6,로테르담-부산,2025-02-01,30
SKU-017,여행용 크로스백,상의,116.1,46.12,12.31,0.94,6,로테르담-부산,2025-03-01,30
SKU-017,여행용 크로스백,상의,116.1,46.12,12.31,0.94,6,로테르담-부산,2025-04-01,30
SKU-017,여행용 크로스백,상의,116.1,46.12,12.31,0.94,6,로테르담-부산,2025-05-01,31
SKU-017,여행용 크로스백,상의,116.1,46.12,12.31,0.94,6,로테르담-부산,2025-06-01,33
SKU-017,여행용 크로스백,상의,116.1,46.12,12.31,0.94,6,로테르담-부산,2025-07-01,32
SKU-017,여행용 크로스백,상의,116.1,46.12,12.31,0.94,6,로테르담-부산,2025-08-01,31
SKU-017,여행용 크로스백,상의,116.1,46.12,12.31,0.94,6,로테르담-부산,2025-09-01,30
SKU-017,여행용 크로스백,상의,116.1,46.12,12.31,0.94,6,로테르담-부산,2025-10-01,49
SKU-017,여행용 크로스백,상의,116.1,46.12,12.31,0.94,6,로테르담-부산,2025-11-01,68
SKU-017,여행용 크로스백,상의,116.1,46.12,12.31,0.94,6,로테르담-부산,2025-12-01,71
SKU-018,발수 트렌치코트,하의,72.0,43.52,11.14,0.94,6,로스앤젤레스-부산,2024-01-01,56
SKU-018,발수 트렌치코트,하의,72.0,43.52,11.14,0.94,6,로스앤젤레스-부산,2024-02-01,53
SKU-018,발수 트렌치코트,하의,72.0,43.52,11.14,0.94,6,로스앤젤레스-부산,2024-03-01,31
SKU-018,발수 트렌치코트,하의,72.0,43.52,11.14,0.94,6,로스앤젤레스-부산,2024-04-01,35
SKU-018,발수 트렌치코트,하의,72.0,43.52,11.14,0.94,6,로스앤젤레스-부산,2024-05-01,36
SKU-018,발수 트렌치코트,하의,72.0,43.52,11.14,0.94,6,로스앤젤레스-부산,2024-06-01,43
SKU-018,발수 트렌치코트,하의,72.0,43.52,11.14,0.94,6,로스앤젤레스-부산,2024-07-01,48
SKU-018,발수 트렌치코트,하의,72.0,43.52,11.14,0.94,6,로스앤젤레스-부산,2024-08-01,57
SKU-018,발수 트렌치코트,하의,72.0,43.52,11.14,0.94,6,로스앤젤레스-부산,2024-09-01,74
SKU-018,발수 트렌치코트,하의,72.0,43.52,11.14,0.94,6,로스앤젤레스-부산,2024-10-01,105
SKU-018,발수 트렌치코트,하의,72.0,43.52,11.14,0.94,6,로스앤젤레스-부산,2024-11-01,142
SKU-018,발수 트렌치코트,하의,72.0,43.52,11.14,0.94,6,로스앤젤레스-부산,2024-12-01,170
SKU-018,발수 트렌치코트,하의,72.0,43.52,11.14,0.94,6,로스앤젤레스-부산,2025-01-01,60
SKU-018,발수 트렌치코트,하의,72.0,43.52,11.14,0.94,6,로스앤젤레스-부산,2025-02-01,55
SKU-018,발수 트렌치코트,하의,72.0,43.52,11.14,0.94,6,로스앤젤레스-부산,2025-03-01,41
SKU-018,발수 트렌치코트,하의,72.0,43.52,11.14,0.94,6,로스앤젤레스-부산,2025-04-01,34
SKU-018,발수 트렌치코트,하의,72.0,43.52,11.14,0.94,6,로스앤젤레스-부산,2025-05-01,28
SKU-018,발수 트렌치코트,하의,72.0,43.52,11.14,0.94,6,로스앤젤레스-부산,2025-06-01,40
SKU-018,발수 트렌치코트,하의,72.0,43.52,11.14,0.94,6,로스앤젤레스-부산,2025-07-01,53
SKU-018,발수 트렌치코트,하의,72.0,43.52,11.14,0.94,6,로스앤젤레스-부산,2025-08-01,61
SKU-018,발수 트렌치코트,하의,72.0,43.52,11.14,0.94,6,로스앤젤레스-부산,2025-09-01,71
SKU-018,발수 트렌치코트,하의,72.0,43.52,11.14,0.94,6,로스앤젤레스-부산,2025-10-01,113
SKU-018,발수 트렌치코트,하의,72.0,43.52,11.14,0.94,6,로스앤젤레스-부산,2025-11-01,158
SKU-018,발수 트렌치코트,하의,72.0,43.52,11.14,0.94,6,로스앤젤레스-부산,2025-12-01,170
SKU-019,쿨링 스포츠 티셔츠,액세서리,68.4,49.54,10.74,0.94,4,상하이-부산,2024-01-01,0
SKU-019,쿨링 스포츠 티셔츠,액세서리,68.4,49.54,10.74,0.94,4,상하이-부산,2024-02-01,0
SKU-019,쿨링 스포츠 티셔츠,액세서리,68.4,49.54,10.74,0.94,4,상하이-부산,2024-03-01,64
SKU-019,쿨링 스포츠 티셔츠,액세서리,68.4,49.54,10.74,0.94,4,상하이-부산,2024-04-01,14
SKU-019,쿨링 스포츠 티셔츠,액세서리,68.4,49.54,10.74,0.94,4,상하이-부산,2024-05-01,80
SKU-019,쿨링 스포츠 티셔츠,액세서리,68.4,49.54,10.74,0.94,4,상하이-부산,2024-06-01,52
SKU-019,쿨링 스포츠 티셔츠,액세서리,68.4,49.54,10.74,0.94,4,상하이-부산,2024-07-01,33
SKU-019,쿨링 스포츠 티셔츠,액세서리,68.4,49.54,10.74,0.94,4,상하이-부산,2024-08-01,39
SKU-019,쿨링 스포츠 티셔츠,액세서리,68.4,49.54,10.74,0.94,4,상하이-부산,2024-09-01,0
SKU-019,쿨링 스포츠 티셔츠,액세서리,68.4,49.54,10.74,0.94,4,상하이-부산,2024-10-01,132
SKU-019,쿨링 스포츠 티셔츠,액세서리,68.4,49.54,10.74,0.94,4,상하이-부산,2024-11-01,0
SKU-019,쿨링 스포츠 티셔츠,액세서리,68.4,49.54,10.74,0.94,4,상하이-부산,2024-12-01,19
SKU-019,쿨링 스포츠 티셔츠,액세서리,68.4,49.54,10.74,0.94,4,상하이-부산,2025-01-01,0
SKU-019,쿨링 스포츠 티셔츠,액세서리,68.4,49.54,10.74,0.94,4,상하이-부산,2025-02-01,0
SKU-019,쿨링 스포츠 티셔츠,액세서리,68.4,49.54,10.74,0.94,4,상하이-부산,2025-03-01,0
SKU-019,쿨링 스포츠 티셔츠,액세서리,68.4,49.54,10.74,0.94,4,상하이-부산,2025-04-01,71
SKU-019,쿨링 스포츠 티셔츠,액세서리,68.4,49.54,10.74,0.94,4,상하이-부산,2025-05-01,0
SKU-019,쿨링 스포츠 티셔츠,액세서리,68.4,49.54,10.74,0.94,4,상하이-부산,2025-06-01,72
SKU-019,쿨링 스포츠 티셔츠,액세서리,68.4,49.54,10.74,0.94,4,상하이-부산,2025-07-01,0
SKU-019,쿨링 스포츠 티셔츠,액세서리,68.4,49.54,10.74,0.94,4,상하이-부산,2025-08-01,97
SKU-019,쿨링 스포츠 티셔츠,액세서리,68.4,49.54,10.74,0.94,4,상하이-부산,2025-09-01,8
SKU-019,쿨링 스포츠 티셔츠,액세서리,68.4,49.54,10.74,0.94,4,상하이-부산,2025-10-01,401
SKU-019,쿨링 스포츠 티셔츠,액세서리,68.4,49.54,10.74,0.94,4,상하이-부산,2025-11-01,77
SKU-019,쿨링 스포츠 티셔츠,액세서리,68.4,49.54,10.74,0.94,4,상하이-부산,2025-12-01,46
SKU-020,가죽 벨트,신발,96.3,47.12,10.76,0.94,4,선전-부산,2024-01-01,33
SKU-020,가죽 벨트,신발,96.3,47.12,10.76,0.94,4,선전-부산,2024-02-01,35
SKU-020,가죽 벨트,신발,96.3,47.12,10.76,0.94,4,선전-부산,2024-03-01,39
SKU-020,가죽 벨트,신발,96.3,47.12,10.76,0.94,4,선전-부산,2024-04-01,39
SKU-020,가죽 벨트,신발,96.3,47.12,10.76,0.94,4,선전-부산,2024-05-01,36
SKU-020,가죽 벨트,신발,96.3,47.12,10.76,0.94,4,선전-부산,2024-06-01,37
SKU-020,가죽 벨트,신발,96.3,47.12,10.76,0.94,4,선전-부산,2024-07-01,37
SKU-020,가죽 벨트,신발,96.3,47.12,10.76,0.94,4,선전-부산,2024-08-01,40
SKU-020,가죽 벨트,신발,96.3,47.12,10.76,0.94,4,선전-부산,2024-09-01,38
SKU-020,가죽 벨트,신발,96.3,47.12,10.76,0.94,4,선전-부산,2024-10-01,55
SKU-020,가죽 벨트,신발,96.3,47.12,10.76,0.94,4,선전-부산,2024-11-01,72
SKU-020,가죽 벨트,신발,96.3,47.12,10.76,0.94,4,선전-부산,2024-12-01,80
SKU-020,가죽 벨트,신발,96.3,47.12,10.76,0.94,4,선전-부산,2025-01-01,35
SKU-020,가죽 벨트,신발,96.3,47.12,10.76,0.94,4,선전-부산,2025-02-01,34
SKU-020,가죽 벨트,신발,96.3,47.12,10.76,0.94,4,선전-부산,2025-03-01,38
SKU-020,가죽 벨트,신발,96.3,47.12,10.76,0.94,4,선전-부산,2025-04-01,39
SKU-020,가죽 벨트,신발,96.3,47.12,10.76,0.94,4,선전-부산,2025-05-01,31
SKU-020,가죽 벨트,신발,96.3,47.12,10.76,0.94,4,선전-부산,2025-06-01,40
SKU-020,가죽 벨트,신발,96.3,47.12,10.76,0.94,4,선전-부산,2025-07-01,37
SKU-020,가죽 벨트,신발,96.3,47.12,10.76,0.94,4,선전-부산,2025-08-01,37
SKU-020,가죽 벨트,신발,96.3,47.12,10.76,0.94,4,선전-부산,2025-09-01,37
SKU-020,가죽 벨트,신발,96.3,47.12,10.76,0.94,4,선전-부산,2025-10-01,58
SKU-020,가죽 벨트,신발,96.3,47.12,10.76,0.94,4,선전-부산,2025-11-01,74
SKU-020,가죽 벨트,신발,96.3,47.12,10.76,0.94,4,선전-부산,2025-12-01,103
SKU-021,패딩 머플러,아우터,91.8,47.37,11.33,0.94,2,호치민-부산,2024-01-01,9
SKU-021,패딩 머플러,아우터,91.8,47.37,11.33,0.94,2,호치민-부산,2024-02-01,8
SKU-021,패딩 머플러,아우터,91.8,47.37,11.33,0.94,2,호치민-부산,2024-03-01,8
SKU-021,패딩 머플러,아우터,91.8,47.37,11.33,0.94,2,호치민-부산,2024-04-01,8
SKU-021,패딩 머플러,아우터,91.8,47.37,11.33,0.94,2,호치민-부산,2024-05-01,9
SKU-021,패딩 머플러,아우터,91.8,47.37,11.33,0.94,2,호치민-부산,2024-06-01,8
SKU-021,패딩 머플러,아우터,91.8,47.37,11.33,0.94,2,호치민-부산,2024-07-01,8
SKU-021,패딩 머플러,아우터,91.8,47.37,11.33,0.94,2,호치민-부산,2024-08-01,8
SKU-021,패딩 머플러,아우터,91.8,47.37,11.33,0.94,2,호치민-부산,2024-09-01,8
SKU-021,패딩 머플러,아우터,91.8,47.37,11.33,0.94,2,호치민-부산,2024-10-01,14
SKU-021,패딩 머플러,아우터,91.8,47.37,11.33,0.94,2,호치민-부산,2024-11-01,14
SKU-021,패딩 머플러,아우터,91.8,47.37,11.33,0.94,2,호치민-부산,2024-12-01,21
SKU-021,패딩 머플러,아우터,91.8,47.37,11.33,0.94,2,호치민-부산,2025-01-01,8
SKU-021,패딩 머플러,아우터,91.8,47.37,11.33,0.94,2,호치민-부산,2025-02-01,8
SKU-021,패딩 머플러,아우터,91.8,47.37,11.33,0.94,2,호치민-부산,2025-03-01,9
SKU-021,패딩 머플러,아우터,91.8,47.37,11.33,0.94,2,호치민-부산,2025-04-01,8
SKU-021,패딩 머플러,아우터,91.8,47.37,11.33,0.94,2,호치민-부산,2025-05-01,8
SKU-021,패딩 머플러,아우터,91.8,47.37,11.33,0.94,2,호치민-부산,2025-06-01,8
SKU-021,패딩 머플러,아우터,91.8,47.37,11.33,0.94,2,호치민-부산,2025-07-01,8
SKU-021,패딩 머플러,아우터,91.8,47.37,11.33,0.94,2,호치민-부산,2025-08-01,8
SKU-021,패딩 머플러,아우터,91.8,47.37,11.33,0.94,2,호치민-부산,2025-09-01,8
SKU-021,패딩 머플러,아우터,91.8,47.37,11.33,0.94,2,호치민-부산,2025-10-01,14
SKU-021,패딩 머플러,아우터,91.8,47.37,11.33,0.94,2,호치민-부산,2025-11-01,18
SKU-021,패딩 머플러,아우터,91.8,47.37,11.33,0.94,2,호치민-부산,2025-12-01,21
SKU-022,에코 퍼 재킷,상의,54.0,51.79,10.56,0.94,2,싱가포르-부산,2024-01-01,19
SKU-022,에코 퍼 재킷,상의,54.0,51.79,10.56,0.94,2,싱가포르-부산,2024-02-01,24
SKU-022,에코 퍼 재킷,상의,54.0,51.79,10.56,0.94,2,싱가포르-부산,2024-03-01,22
SKU-022,에코 퍼 재킷,상의,54.0,51.79,10.56,0.94,2,싱가포르-부산,2024-04-01,21
SKU-022,에코 퍼 재킷,상의,54.0,51.79,10.56,0.94,2,싱가포르-부산,2024-05-01,20
SKU-022,에코 퍼 재킷,상의,54.0,51.79,10.56,0.94,2,싱가포르-부산,2024-06-01,19
SKU-022,에코 퍼 재킷,상의,54.0,51.79,10.56,0.94,2,싱가포르-부산,2024-07-01,15
SKU-022,에코 퍼 재킷,상의,54.0,51.79,10.56,0.94,2,싱가포르-부산,2024-08-01,12
SKU-022,에코 퍼 재킷,상의,54.0,51.79,10.56,0.94,2,싱가포르-부산,2024-09-01,12
SKU-022,에코 퍼 재킷,상의,54.0,51.79,10.56,0.94,2,싱가포르-부산,2024-10-01,11
SKU-022,에코 퍼 재킷,상의,54.0,51.79,10.56,0.94,2,싱가포르-부산,2024-11-01,23
SKU-022,에코 퍼 재킷,상의,54.0,51.79,10.56,0.94,2,싱가포르-부산,2024-12-01,36
SKU-022,에코 퍼 재킷,상의,54.0,51.79,10.56,0.94,2,싱가포르-부산,2025-01-01,19
SKU-022,에코 퍼 재킷,상의,54.0,51.79,10.56,0.94,2,싱가포르-부산,2025-02-01,21
SKU-022,에코 퍼 재킷,상의,54.0,51.79,10.56,0.94,2,싱가포르-부산,2025-03-01,23
SKU-022,에코 퍼 재킷,상의,54.0,51.79,10.56,0.94,2,싱가포르-부산,2025-04-01,23
SKU-022,에코 퍼 재킷,상의,54.0,51.79,10.56,0.94,2,싱가포르-부산,2025-05-01,21
SKU-022,에코 퍼 재킷,상의,54.0,51.79,10.56,0.94,2,싱가포르-부산,2025-06-01,14
SKU-022,에코 퍼 재킷,상의,54.0,51.79,10.56,0.94,2,싱가포르-부산,2025-07-01,14
SKU-022,에코 퍼 재킷,상의,54.0,51.79,10.56,0.94,2,싱가포르-부산,2025-08-01,8
SKU-022,에코 퍼 재킷,상의,54.0,51.79,10.56,0.94,2,싱가포르-부산,2025-09-01,8
SKU-022,에코 퍼 재킷,상의,54.0,51.79,10.56,0.94,2,싱가포르-부산,2025-10-01,18
SKU-022,에코 퍼 재킷,상의,54.0,51.79,10.56,0.94,2,싱가포르-부산,2025-11-01,27
SKU-022,에코 퍼 재킷,상의,54.0,51.79,10.56,0.94,2,싱가포르-부산,2025-12-01,46
SKU-023,니트 비니,하의,45.9,43.81,10.85,0.94,4,로테르담-부산,2024-01-01,5
SKU-023,니트 비니,하의,45.9,43.81,10.85,0.94,4,로테르담-부산,2024-02-01,0
SKU-023,니트 비니,하의,45.9,43.81,10.85,0.94,4,로테르담-부산,2024-03-01,21
SKU-023,니트 비니,하의,45.9,43.81,10.85,0.94,4,로테르담-부산,2024-04-01,21
SKU-023,니트 비니,하의,45.9,43.81,10.85,0.94,4,로테르담-부산,2024-05-01,8
SKU-023,니트 비니,하의,45.9,43.81,10.85,0.94,4,로테르담-부산,2024-06-01,7
SKU-023,니트 비니,하의,45.9,43.81,10.85,0.94,4,로테르담-부산,2024-07-01,0
SKU-023,니트 비니,하의,45.9,43.81,10.85,0.94,4,로테르담-부산,2024-08-01,18
SKU-023,니트 비니,하의,45.9,43.81,10.85,0.94,4,로테르담-부산,2024-09-01,37
SKU-023,니트 비니,하의,45.9,43.81,10.85,0.94,4,로테르담-부산,2024-10-01,0
SKU-023,니트 비니,하의,45.9,43.81,10.85,0.94,4,로테르담-부산,2024-11-01,173
SKU-023,니트 비니,하의,45.9,43.81,10.85,0.94,4,로테르담-부산,2024-12-01,67
SKU-023,니트 비니,하의,45.9,43.81,10.85,0.94,4,로테르담-부산,2025-01-01,32
SKU-023,니트 비니,하의,45.9,43.81,10.85,0.94,4,로테르담-부산,2025-02-01,0
SKU-023,니트 비니,하의,45.9,43.81,10.85,0.94,4,로테르담-부산,2025-03-01,21
SKU-023,니트 비니,하의,45.9,43.81,10.85,0.94,4,로테르담-부산,2025-04-01,0
SKU-023,니트 비니,하의,45.9,43.81,10.85,0.94,4,로테르담-부산,2025-05-01,10
SKU-023,니트 비니,하의,45.9,43.81,10.85,0.94,4,로테르담-부산,2025-06-01,15
SKU-023,니트 비니,하의,45.9,43.81,10.85,0.94,4,로테르담-부산,2025-07-01,16
SKU-023,니트 비니,하의,45.9,43.81,10.85,0.94,4,로테르담-부산,2025-08-01,16
SKU-023,니트 비니,하의,45.9,43.81,10.85,0.94,4,로테르담-부산,2025-09-01,13
SKU-023,니트 비니,하의,45.9,43.81,10.85,0.94,4,로테르담-부산,2025-10-01,16
SKU-023,니트 비니,하의,45.9,43.81,10.85,0.94,4,로테르담-부산,2025-11-01,0
SKU-023,니트 비니,하의,45.9,43.81,10.85,0.94,4,로테르담-부산,2025-12-01,29
SKU-024,방한 부츠,액세서리,118.8,46.45,11.6,0.94,1,로스앤젤레스-부산,2024-01-01,6
SKU-024,방한 부츠,액세서리,118.8,46.45,11.6,0.94,1,로스앤젤레스-부산,2024-02-01,8
SKU-024,방한 부츠,액세서리,118.8,46.45,11.6,0.94,1,로스앤젤레스-부산,2024-03-01,6
SKU-024,방한 부츠,액세서리,118.8,46.45,11.6,0.94,1,로스앤젤레스-부산,2024-04-01,6
SKU-024,방한 부츠,액세서리,118.8,46.45,11.6,0.94,1,로스앤젤레스-부산,2024-05-01,6
SKU-024,방한 부츠,액세서리,118.8,46.45,11.6,0.94,1,로스앤젤레스-부산,2024-06-01,7
SKU-024,방한 부츠,액세서리,118.8,46.45,11.6,0.94,1,로스앤젤레스-부산,2024-07-01,7
SKU-024,방한 부츠,액세서리,118.8,46.45,11.6,0.94,1,로스앤젤레스-부산,2024-08-01,6
SKU-024,방한 부츠,액세서리,118.8,46.45,11.6,0.94,1,로스앤젤레스-부산,2024-09-01,7
SKU-024,방한 부츠,액세서리,118.8,46.45,11.6,0.94,1,로스앤젤레스-부산,2024-10-01,9
SKU-024,방한 부츠,액세서리,118.8,46.45,11.6,0.94,1,로스앤젤레스-부산,2024-11-01,13
SKU-024,방한 부츠,액세서리,118.8,46.45,11.6,0.94,1,로스앤젤레스-부산,2024-12-01,17
SKU-024,방한 부츠,액세서리,118.8,46.45,11.6,0.94,1,로스앤젤레스-부산,2025-01-01,6
SKU-024,방한 부츠,액세서리,118.8,46.45,11.6,0.94,1,로스앤젤레스-부산,2025-02-01,6
SKU-024,방한 부츠,액세서리,118.8,46.45,11.6,0.94,1,로스앤젤레스-부산,2025-03-01,6
SKU-024,방한 부츠,액세서리,118.8,46.45,11.6,0.94,1,로스앤젤레스-부산,2025-04-01,8
SKU-024,방한 부츠,액세서리,118.8,46.45,11.6,0.94,1,로스앤젤레스-부산,2025-05-01,8
SKU-024,방한 부츠,액세서리,118.8,46.45,11.6,0.94,1,로스앤젤레스-부산,2025-06-01,6
SKU-024,방한 부츠,액세서리,118.8,46.45,11.6,0.94,1,로스앤젤레스-부산,2025-07-01,7
SKU-024,방한 부츠,액세서리,118.8,46.45,11.6,0.94,1,로스앤젤레스-부산,2025-08-01,6
SKU-024,방한 부츠,액세서리,118.8,46.45,11.6,0.94,1,로스앤젤레스-부산,2025-09-01,7
SKU-024,방한 부츠,액세서리,118.8,46.45,11.6,0.94,1,로스앤젤레스-부산,2025-10-01,11
SKU-024,방한 부츠,액세서리,118.8,46.45,11.6,0.94,1,로스앤젤레스-부산,2025-11-01,13
SKU-024,방한 부츠,액세서리,118.8,46.45,11.6,0.94,1,로스앤젤레스-부산,2025-12-01,17
SKU-025,비치웨어 래시가드,신발,25.2,50.42,10.4,0.94,2,상하이-부산,2024-01-01,48
SKU-025,비치웨어 래시가드,신발,25.2,50.42,10.4,0.94,2,상하이-부산,2024-02-01,37
SKU-025,비치웨어 래시가드,신발,25.2,50.42,10.4,0.94,2,상하이-부산,2024-03-01,41
SKU-025,비치웨어 래시가드,신발,25.2,50.42,10.4,0.94,2,상하이-부산,2024-04-01,31
SKU-025,비치웨어 래시가드,신발,25.2,50.42,10.4,0.94,2,상하이-부산,2024-05-01,27
SKU-025,비치웨어 래시가드,신발,25.2,50.42,10.4,0.94,2,상하이-부산,2024-06-01,15
SKU-025,비치웨어 래시가드,신발,25.2,50.42,10.4,0.94,2,상하이-부산,2024-07-01,20
SKU-025,비치웨어 래시가드,신발,25.2,50.42,10.4,0.94,2,상하이-부산,2024-08-01,22
SKU-025,비치웨어 래시가드,신발,25.2,50.42,10.4,0.94,2,상하이-부산,2024-09-01,24
SKU-025,비치웨어 래시가드,신발,25.2,50.42,10.4,0.94,2,상하이-부산,2024-10-01,54
SKU-025,비치웨어 래시가드,신발,25.2,50.42,10.4,0.94,2,상하이-부산,2024-11-01,90
SKU-025,비치웨어 래시가드,신발,25.2,50.42,10.4,0.94,2,상하이-부산,2024-12-01,124
SKU-025,비치웨어 래시가드,신발,25.2,50.42,10.4,0.94,2,상하이-부산,2025-01-01,62
SKU-025,비치웨어 래시가드,신발,25.2,50.42,10.4,0.94,2,상하이-부산,2025-02-01,44
SKU-025,비치웨어 래시가드,신발,25.2,50.42,10.4,0.94,2,상하이-부산,2025-03-01,40
SKU-025,비치웨어 래시가드,신발,25.2,50.42,10.4,0.94,2,상하이-부산,2025-04-01,37
SKU-025,비치웨어 래시가드,신발,25.2,50.42,10.4,0.94,2,상하이-부산,2025-05-01,21
SKU-025,비치웨어 래시가드,신발,25.2,50.42,10.4,0.94,2,상하이-부산,2025-06-01,31
SKU-025,비치웨어 래시가드,신발,25.2,50.42,10.4,0.94,2,상하이-부산,2025-07-01,26
SKU-025,비치웨어 래시가드,신발,25.2,50.42,10.4,0.94,2,상하이-부산,2025-08-01,30
SKU-025,비치웨어 래시가드,신발,25.2,50.42,10.4,0.94,2,상하이-부산,2025-09-01,28
SKU-025,비치웨어 래시가드,신발,25.2,50.42,10.4,0.94,2,상하이-부산,2025-10-01,58
SKU-025,비치웨어 래시가드,신발,25.2,50.42,10.4,0.94,2,상하이-부산,2025-11-01,97
SKU-025,비치웨어 래시가드,신발,25.2,50.42,10.4,0.94,2,상하이-부산,2025-12-01,113
SKU-026,슬림핏 슬랙스,아우터,70.2,42.3,11.74,0.94,1,선전-부산,2024-01-01,0
SKU-026,슬림핏 슬랙스,아우터,70.2,42.3,11.74,0.94,1,선전-부산,2024-02-01,0
SKU-026,슬림핏 슬랙스,아우터,70.2,42.3,11.74,0.94,1,선전-부산,2024-03-01,0
SKU-026,슬림핏 슬랙스,아우터,70.2,42.3,11.74,0.94,1,선전-부산,2024-04-01,14
SKU-026,슬림핏 슬랙스,아우터,70.2,42.3,11.74,0.94,1,선전-부산,2024-05-01,36
SKU-026,슬림핏 슬랙스,아우터,70.2,42.3,11.74,0.94,1,선전-부산,2024-06-01,0
SKU-026,슬림핏 슬랙스,아우터,70.2,42.3,11.74,0.94,1,선전-부산,2024-07-01,35
SKU-026,슬림핏 슬랙스,아우터,70.2,42.3,11.74,0.94,1,선전-부산,2024-08-01,0
SKU-026,슬림핏 슬랙스,아우터,70.2,42.3,11.74,0.94,1,선전-부산,2024-09-01,7
SKU-026,슬림핏 슬랙스,아우터,70.2,42.3,11.74,0.94,1,선전-부산,2024-10-01,19
SKU-026,슬림핏 슬랙스,아우터,70.2,42.3,11.74,0.94,1,선전-부산,2024-11-01,4
SKU-026,슬림핏 슬랙스,아우터,70.2,42.3,11.74,0.94,1,선전-부산,2024-12-01,4
SKU-026,슬림핏 슬랙스,아우터,70.2,42.3,11.74,0.94,1,선전-부산,2025-01-01,13
SKU-026,슬림핏 슬랙스,아우터,70.2,42.3,11.74,0.94,1,선전-부산,2025-02-01,4
SKU-026,슬림핏 슬랙스,아우터,70.2,42.3,11.74,0.94,1,선전-부산,2025-03-01,6
SKU-026,슬림핏 슬랙스,아우터,70.2,42.3,11.74,0.94,1,선전-부산,2025-04-01,12
SKU-026,슬림핏 슬랙스,아우터,70.2,42.3,11.74,0.94,1,선전-부산,2025-05-01,0
SKU-026,슬림핏 슬랙스,아우터,70.2,42.3,11.74,0.94,1,선전-부산,2025-06-01,17
SKU-026,슬림핏 슬랙스,아우터,70.2,42.3,11.74,0.94,1,선전-부산,2025-07-01,0
SKU-026,슬림핏 슬랙스,아우터,70.2,42.3,11.74,0.94,1,선전-부산,2025-08-01,14
SKU-026,슬림핏 슬랙스,아우터,70.2,42.3,11.74,0.94,1,선전-부산,2025-09-01,0
SKU-026,슬림핏 슬랙스,아우터,70.2,42.3,11.74,0.94,1,선전-부산,2025-10-01,0
SKU-026,슬림핏 슬랙스,아우터,70.2,42.3,11.74,0.94,1,선전-부산,2025-11-01,18
SKU-026,슬림핏 슬랙스,아우터,70.2,42.3,11.74,0.94,1,선전-부산,2025-12-01,40
SKU-027,소프트 브라렛,상의,122.4,46.26,11.95,0.94,1,호치민-부산,2024-01-01,7
SKU-027,소프트 브라렛,상의,122.4,46.26,11.95,0.94,1,호치민-부산,2024-02-01,7
SKU-027,소프트 브라렛,상의,122.4,46.26,11.95,0.94,1,호치민-부산,2024-03-01,7
SKU-027,소프트 브라렛,상의,122.4,46.26,11.95,0.94,1,호치민-부산,2024-04-01,6
SKU-027,소프트 브라렛,상의,122.4,46.26,11.95,0.94,1,호치민-부산,2024-05-01,8
SKU-027,소프트 브라렛,상의,122.4,46.26,11.95,0.94,1,호치민-부산,2024-06-01,7
SKU-027,소프트 브라렛,상의,122.4,46.26,11.95,0.94,1,호치민-부산,2024-07-01,7
SKU-027,소프트 브라렛,상의,122.4,46.26,11.95,0.94,1,호치민-부산,2024-08-01,7
SKU-027,소프트 브라렛,상의,122.4,46.26,11.95,0.94,1,호치민-부산,2024-09-01,6
SKU-027,소프트 브라렛,상의,122.4,46.26,11.95,0.94,1,호치민-부산,2024-10-01,11
SKU-027,소프트 브라렛,상의,122.4,46.26,11.95,0.94,1,호치민-부산,2024-11-01,13
SKU-027,소프트 브라렛,상의,122.4,46.26,11.95,0.94,1,호치민-부산,2024-12-01,17
SKU-027,소프트 브라렛,상의,122.4,46.26,11.95,0.94,1,호치민-부산,2025-01-01,7
SKU-027,소프트 브라렛,상의,122.4,46.26,11.95,0.94,1,호치민-부산,2025-02-01,6
SKU-027,소프트 브라렛,상의,122.4,46.26,11.95,0.94,1,호치민-부산,2025-03-01,7
SKU-027,소프트 브라렛,상의,122.4,46.26,11.95,0.94,1,호치민-부산,2025-04-01,6
SKU-027,소프트 브라렛,상의,122.4,46.26,11.95,0.94,1,호치민-부산,2025-05-01,7
SKU-027,소프트 브라렛,상의,122.4,46.26,11.95,0.94,1,호치민-부산,2025-06-01,7
SKU-027,소프트 브라렛,상의,122.4,46.26,11.95,0.94,1,호치민-부산,2025-07-01,7
SKU-027,소프트 브라렛,상의,122.4,46.26,11.95,0.94,1,호치민-부산,2025-08-01,7
SKU-027,소프트 브라렛,상의,122.4,46.26,11.95,0.94,1,호치민-부산,2025-09-01,7
SKU-027,소프트 브라렛,상의,122.4,46.26,11.95,0.94,1,호치민-부산,2025-10-01,11
SKU-027,소프트 브라렛,상의,122.4,46.26,11.95,0.94,1,호치민-부산,2025-11-01,13
SKU-027,소프트 브라렛,상의,122.4,46.26,11.95,0.94,1,호치민-부산,2025-12-01,15
SKU-028,캠핑 방풍 팬츠,하의,30.6,48.27,11.72,0.94,3,싱가포르-부산,2024-01-01,29
SKU-028,캠핑 방풍 팬츠,하의,30.6,48.27,11.72,0.94,3,싱가포르-부산,2024-02-01,19
SKU-028,캠핑 방풍 팬츠,하의,30.6,48.27,11.72,0.94,3,싱가포르-부산,2024-03-01,16
SKU-028,캠핑 방풍 팬츠,하의,30.6,48.27,11.72,0.94,3,싱가포르-부산,2024-04-01,26
SKU-028,캠핑 방풍 팬츠,하의,30.6,48.27,11.72,0.94,3,싱가포르-부산,2024-05-01,16
SKU-028,캠핑 방풍 팬츠,하의,30.6,48.27,11.72,0.94,3,싱가포르-부산,2024-06-01,21
SKU-028,캠핑 방풍 팬츠,하의,30.6,48.27,11.72,0.94,3,싱가포르-부산,2024-07-01,33
SKU-028,캠핑 방풍 팬츠,하의,30.6,48.27,11.72,0.94,3,싱가포르-부산,2024-08-01,41
SKU-028,캠핑 방풍 팬츠,하의,30.6,48.27,11.72,0.94,3,싱가포르-부산,2024-09-01,37
SKU-028,캠핑 방풍 팬츠,하의,30.6,48.27,11.72,0.94,3,싱가포르-부산,2024-10-01,65
SKU-028,캠핑 방풍 팬츠,하의,30.6,48.27,11.72,0.94,3,싱가포르-부산,2024-11-01,90
SKU-028,캠핑 방풍 팬츠,하의,30.6,48.27,11.72,0.94,3,싱가포르-부산,2024-12-01,94
SKU-028,캠핑 방풍 팬츠,하의,30.6,48.27,11.72,0.94,3,싱가포르-부산,2025-01-01,26
SKU-028,캠핑 방풍 팬츠,하의,30.6,48.27,11.72,0.94,3,싱가포르-부산,2025-02-01,21
SKU-028,캠핑 방풍 팬츠,하의,30.6,48.27,11.72,0.94,3,싱가포르-부산,2025-03-01,19
SKU-028,캠핑 방풍 팬츠,하의,30.6,48.27,11.72,0.94,3,싱가포르-부산,2025-04-01,17
SKU-028,캠핑 방풍 팬츠,하의,30.6,48.27,11.72,0.94,3,싱가포르-부산,2025-05-01,18
SKU-028,캠핑 방풍 팬츠,하의,30.6,48.27,11.72,0.94,3,싱가포르-부산,2025-06-01,14
SKU-028,캠핑 방풍 팬츠,하의,30.6,48.27,11.72,0.94,3,싱가포르-부산,2025-07-01,23
SKU-028,캠핑 방풍 팬츠,하의,30.6,48.27,11.72,0.94,3,싱가포르-부산,2025-08-01,33
SKU-028,캠핑 방풍 팬츠,하의,30.6,48.27,11.72,0.94,3,싱가포르-부산,2025-09-01,31
SKU-028,캠핑 방풍 팬츠,하의,30.6,48.27,11.72,0.94,3,싱가포르-부산,2025-10-01,59
SKU-028,캠핑 방풍 팬츠,하의,30.6,48.27,11.72,0.94,3,싱가포르-부산,2025-11-01,90
SKU-028,캠핑 방풍 팬츠,하의,30.6,48.27,11.72,0.94,3,싱가포르-부산,2025-12-01,88
SKU-029,새틴 파자마 세트,액세서리,83.7,53.19,10.76,0.94,2,로테르담-부산,2024-01-01,8
SKU-029,새틴 파자마 세트,액세서리,83.7,53.19,10.76,0.94,2,로테르담-부산,2024-02-01,0
SKU-029,새틴 파자마 세트,액세서리,83.7,53.19,10.76,0.94,2,로테르담-부산,2024-03-01,0
SKU-029,새틴 파자마 세트,액세서리,83.7,53.19,10.76,0.94,2,로테르담-부산,2024-04-01,0
SKU-029,새틴 파자마 세트,액세서리,83.7,53.19,10.76,0.94,2,로테르담-부산,2024-05-01,1
SKU-029,새틴 파자마 세트,액세서리,83.7,53.19,10.76,0.94,2,로테르담-부산,2024-06-01,22
SKU-029,새틴 파자마 세트,액세서리,83.7,53.19,10.76,0.94,2,로테르담-부산,2024-07-01,3
SKU-029,새틴 파자마 세트,액세서리,83.7,53.19,10.76,0.94,2,로테르담-부산,2024-08-01,3
SKU-029,새틴 파자마 세트,액세서리,83.7,53.19,10.76,0.94,2,로테르담-부산,2024-09-01,70
SKU-029,새틴 파자마 세트,액세서리,83.7,53.19,10.76,0.94,2,로테르담-부산,2024-10-01,24
SKU-029,새틴 파자마 세트,액세서리,83.7,53.19,10.76,0.94,2,로테르담-부산,2024-11-01,0
SKU-029,새틴 파자마 세트,액세서리,83.7,53.19,10.76,0.94,2,로테르담-부산,2024-12-01,15
SKU-029,새틴 파자마 세트,액세서리,83.7,53.19,10.76,0.94,2,로테르담-부산,2025-01-01,13
SKU-029,새틴 파자마 세트,액세서리,83.7,53.19,10.76,0.94,2,로테르담-부산,2025-02-01,9
SKU-029,새틴 파자마 세트,액세서리,83.7,53.19,10.76,0.94,2,로테르담-부산,2025-03-01,0
SKU-029,새틴 파자마 세트,액세서리,83.7,53.19,10.76,0.94,2,로테르담-부산,2025-04-01,5
SKU-029,새틴 파자마 세트,액세서리,83.7,53.19,10.76,0.94,2,로테르담-부산,2025-05-01,0
SKU-029,새틴 파자마 세트,액세서리,83.7,53.19,10.76,0.94,2,로테르담-부산,2025-06-01,3
SKU-029,새틴 파자마 세트,액세서리,83.7,53.19,10.76,0.94,2,로테르담-부산,2025-07-01,0
SKU-029,새틴 파자마 세트,액세서리,83.7,53.19,10.76,0.94,2,로테르담-부산,2025-08-01,0
SKU-029,새틴 파자마 세트,액세서리,83.7,53.19,10.76,0.94,2,로테르담-부산,2025-09-01,4
SKU-029,새틴 파자마 세트,액세서리,83.7,53.19,10.76,0.94,2,로테르담-부산,2025-10-01,8
SKU-029,새틴 파자마 세트,액세서리,83.7,53.19,10.76,0.94,2,로테르담-부산,2025-11-01,4
SKU-029,새틴 파자마 세트,액세서리,83.7,53.19,10.76,0.94,2,로테르담-부산,2025-12-01,21
SKU-030,클래식 로퍼,신발,98.1,47.86,9.64,0.94,1,로스앤젤레스-부산,2024-01-01,7
SKU-030,클래식 로퍼,신발,98.1,47.86,9.64,0.94,1,로스앤젤레스-부산,2024-02-01,8
SKU-030,클래식 로퍼,신발,98.1,47.86,9.64,0.94,1,로스앤젤레스-부산,2024-03-01,8
SKU-030,클래식 로퍼,신발,98.1,47.86,9.64,0.94,1,로스앤젤레스-부산,2024-04-01,8
SKU-030,클래식 로퍼,신발,98.1,47.86,9.64,0.94,1,로스앤젤레스-부산,2024-05-01,8
SKU-030,클래식 로퍼,신발,98.1,47.86,9.64,0.94,1,로스앤젤레스-부산,2024-06-01,7
SKU-030,클래식 로퍼,신발,98.1,47.86,9.64,0.94,1,로스앤젤레스-부산,2024-07-01,8
SKU-030,클래식 로퍼,신발,98.1,47.86,9.64,0.94,1,로스앤젤레스-부산,2024-08-01,8
SKU-030,클래식 로퍼,신발,98.1,47.86,9.64,0.94,1,로스앤젤레스-부산,2024-09-01,8
SKU-030,클래식 로퍼,신발,98.1,47.86,9.64,0.94,1,로스앤젤레스-부산,2024-10-01,12
SKU-030,클래식 로퍼,신발,98.1,47.86,9.64,0.94,1,로스앤젤레스-부산,2024-11-01,16
SKU-030,클래식 로퍼,신발,98.1,47.86,9.64,0.94,1,로스앤젤레스-부산,2024-12-01,19
SKU-030,클래식 로퍼,신발,98.1,47.86,9.64,0.94,1,로스앤젤레스-부산,2025-01-01,8
SKU-030,클래식 로퍼,신발,98.1,47.86,9.64,0.94,1,로스앤젤레스-부산,2025-02-01,8
SKU-030,클래식 로퍼,신발,98.1,47.86,9.64,0.94,1,로스앤젤레스-부산,2025-03-01,8
SKU-030,클래식 로퍼,신발,98.1,47.86,9.64,0.94,1,로스앤젤레스-부산,2025-04-01,8
SKU-030,클래식 로퍼,신발,98.1,47.86,9.64,0.94,1,로스앤젤레스-부산,2025-05-01,8
SKU-030,클래식 로퍼,신발,98.1,47.86,9.64,0.94,1,로스앤젤레스-부산,2025-06-01,8
SKU-030,클래식 로퍼,신발,98.1,47.86,9.64,0.94,1,로스앤젤레스-부산,2025-07-01,8
SKU-030,클래식 로퍼,신발,98.1,47.86,9.64,0.94,1,로스앤젤레스-부산,2025-08-01,7
SKU-030,클래식 로퍼,신발,98.1,47.86,9.64,0.94,1,로스앤젤레스-부산,2025-09-01,8
SKU-030,클래식 로퍼,신발,98.1,47.86,9.64,0.94,1,로스앤젤레스-부산,2025-10-01,14
SKU-030,클래식 로퍼,신발,98.1,47.86,9.64,0.94,1,로스앤젤레스-부산,2025-11-01,16
SKU-030,클래식 로퍼,신발,98.1,47.86,9.64,0.94,1,로스앤젤레스-부산,2025-12-01,21
